Sequence,Winding,R (pu),X (pu),Z (pu),|Z| (pu),Angle (deg)
Positive,Primary,0.0,0.02,0.000000 + j0.020000,0.02,90.0
Positive,Secondary,0.0,0.05,0.000000 + j0.050000,0.05,90.0
Positive,Tertiary,0.0,0.07,0.000000 + j0.070000,0.07,90.0
Negative,Primary,0.0,0.02,0.000000 + j0.020000,0.02,90.0
Negative,Secondary,0.0,0.05,0.000000 + j0.050000,0.05,90.0
Negative,Tertiary,0.0,0.07,0.000000 + j0.070000,0.07,90.0
Zero,Primary,0.0,0.04,0.000000 + j0.040000,0.04,90.0
Zero,Secondary,0.0,0.02,0.000000 + j0.020000,0.02,90.0
Zero,Tertiary,0.0,0.015,0.000000 + j0.015000,0.015,90.0
